trade_id,factor_name,factor_value,factor_threshold,contribution
d6l79yjy,rsi_14,56.16,70,-0.85
d6l79yjy,atr_mult,15.07,2.5,-0.39
d6l79yjy,macd_hist,19.20,,-0.69
lc8cg0yr,rsi_14,88.53,70,0.33
lc8cg0yr,atr_mult,58.22,2.5,-0.89
fyhlc858,rsi_14,50.81,30,-0.79
fyhlc858,atr_mult,17.33,2.5,-0.65
fyhlc858,macd_hist,69.97,,0.51
fyhlc858,vwap_dist,24.45,,-0.33
07nfy7ke,rsi_14,25.63,70,-0.89
07nfy7ke,atr_mult,68.16,2.5,0.36
07nfy7ke,macd_hist,73.44,,-0.73
07nfy7ke,vwap_dist,49.80,,0.71
pqzcmqy2,rsi_14,60.25,70,0.53
pqzcmqy2,atr_mult,66.24,2.5,-0.73
c5hkj1r8,rsi_14,49.42,30,0.64
c5hkj1r8,atr_mult,39.53,2.5,-0.52
c5hkj1r8,macd_hist,29.89,,0.76
c5hkj1r8,vwap_dist,68.01,,-0.40
95xsr6qi,rsi_14,64.95,30,0.82
95xsr6qi,atr_mult,21.61,2.5,-0.73
2q24xonb,rsi_14,63.17,30,0.86
2q24xonb,atr_mult,77.36,2.5,0.82
j6qbmllj,rsi_14,55.13,70,-0.74
j6qbmllj,atr_mult,27.73,2.5,-0.56
j6qbmllj,macd_hist,66.29,,-0.53
7wlrz1b8,rsi_14,50.46,70,-0.03
7wlrz1b8,atr_mult,46.06,2.5,-0.33
7wlrz1b8,macd_hist,62.54,,0.59
xcvuu5sg,rsi_14,45.50,30,0.87
xcvuu5sg,atr_mult,43.84,2.5,0.53
757c8m5q,rsi_14,50.47,30,-0.45
757c8m5q,atr_mult,54.33,2.5,0.13
757c8m5q,macd_hist,50.45,,0.17
757c8m5q,vwap_dist,46.24,,-0.17
87t4l11i,rsi_14,45.42,30,0.50
87t4l11i,atr_mult,63.30,2.5,0.59
qh6vqo3o,rsi_14,37.02,70,0.73
qh6vqo3o,atr_mult,64.44,2.5,-0.31
qh6vqo3o,macd_hist,84.80,,0.80
qh6vqo3o,vwap_dist,83.68,,-0.99
z5nascbl,rsi_14,83.34,70,-0.25
z5nascbl,atr_mult,12.79,2.5,-0.54
z5nascbl,macd_hist,83.14,,-0.55
n4fhtpni,rsi_14,67.48,30,0.82
n4fhtpni,atr_mult,24.36,2.5,-0.28
qw0w6lqs,rsi_14,50.01,70,0.40
qw0w6lqs,atr_mult,47.68,2.5,0.65
qw0w6lqs,macd_hist,88.30,,-0.36
qw0w6lqs,vwap_dist,80.46,,-0.84
2qeg86kw,rsi_14,15.56,30,-0.43
2qeg86kw,atr_mult,78.93,2.5,0.60
p9n52pqm,rsi_14,36.94,70,0.26
p9n52pqm,atr_mult,19.31,2.5,0.99
1iyocqzk,rsi_14,72.98,70,0.06
1iyocqzk,atr_mult,72.68,2.5,-0.48
1iyocqzk,macd_hist,87.54,,-0.46
1iyocqzk,vwap_dist,22.20,,0.16
mbci2j10,rsi_14,56.59,30,-0.28
mbci2j10,atr_mult,86.44,2.5,-0.44
mbci2j10,macd_hist,58.80,,-0.42
i7t6dhnz,rsi_14,66.40,30,-0.92
i7t6dhnz,atr_mult,74.73,2.5,0.39
i7t6dhnz,macd_hist,65.30,,0.27
elg6vdro,rsi_14,73.74,70,-0.21
elg6vdro,atr_mult,42.18,2.5,0.76
elg6vdro,macd_hist,51.30,,-0.65
a4ryk4ue,rsi_14,75.58,30,-0.82
a4ryk4ue,atr_mult,62.83,2.5,-0.87
a4ryk4ue,macd_hist,51.25,,-0.29
dg8raj72,rsi_14,52.95,30,0.64
dg8raj72,atr_mult,53.42,2.5,0.17
dg8raj72,macd_hist,36.70,,-0.24
hpvqxaqj,rsi_14,22.32,70,0.36
hpvqxaqj,atr_mult,80.84,2.5,0.51
hpvqxaqj,macd_hist,89.45,,-0.77
c9432rdf,rsi_14,87.24,30,-0.78
c9432rdf,atr_mult,19.34,2.5,-0.70
c9432rdf,macd_hist,37.15,,-0.81
c9432rdf,vwap_dist,76.27,,0.66
w9kvcer9,rsi_14,84.00,70,-0.42
w9kvcer9,atr_mult,88.26,2.5,-0.84
w9kvcer9,macd_hist,21.48,,-0.94
y062hjda,rsi_14,13.31,30,-0.39
y062hjda,atr_mult,49.97,2.5,0.61
y062hjda,macd_hist,39.43,,-0.39
y062hjda,vwap_dist,43.45,,0.79
qyns68rv,rsi_14,54.38,70,0.42
qyns68rv,atr_mult,70.45,2.5,0.92
isatcckc,rsi_14,48.30,30,-0.65
isatcckc,atr_mult,57.88,2.5,-0.46
rjripd6p,rsi_14,79.84,30,-0.34
rjripd6p,atr_mult,76.66,2.5,0.38
rjripd6p,macd_hist,44.10,,0.57
bh593lw1,rsi_14,22.43,70,-0.39
bh593lw1,atr_mult,66.03,2.5,0.42
bh593lw1,macd_hist,51.91,,-0.39
bh593lw1,vwap_dist,19.94,,-0.72
5gglqjx0,rsi_14,78.29,70,-0.89
5gglqjx0,atr_mult,13.11,2.5,-0.61
od9xxw1d,rsi_14,77.03,30,0.21
od9xxw1d,atr_mult,77.42,2.5,0.66
2a3j4zy8,rsi_14,68.38,30,0.79
2a3j4zy8,atr_mult,35.36,2.5,-0.89
pc9zlv2b,rsi_14,47.03,70,-0.12
pc9zlv2b,atr_mult,37.93,2.5,0.43
pc9zlv2b,macd_hist,12.43,,-0.63
pc9zlv2b,vwap_dist,63.33,,-0.00
9xww5gai,rsi_14,77.86,70,-0.41
9xww5gai,atr_mult,83.12,2.5,0.47
ls4lfplp,rsi_14,29.82,30,-0.19
ls4lfplp,atr_mult,38.43,2.5,0.88
ls4lfplp,macd_hist,48.28,,0.32
cgdseqj3,rsi_14,81.82,30,0.55
cgdseqj3,atr_mult,67.52,2.5,0.98
cgdseqj3,macd_hist,18.40,,-0.72
i8ji30lo,rsi_14,76.60,70,0.95
i8ji30lo,atr_mult,40.22,2.5,0.05
i8ji30lo,macd_hist,23.10,,-0.18
i8ji30lo,vwap_dist,87.73,,-0.62
tunt40yc,rsi_14,80.82,30,0.37
tunt40yc,atr_mult,29.55,2.5,-0.74
7pwz5hdt,rsi_14,29.59,70,0.56
7pwz5hdt,atr_mult,46.91,2.5,0.13
7pwz5hdt,macd_hist,10.86,,0.38
7pwz5hdt,vwap_dist,21.00,,0.18
7p83d1jq,rsi_14,50.46,30,-0.89
7p83d1jq,atr_mult,35.69,2.5,-0.10
dn03rnud,rsi_14,66.97,30,-0.22
dn03rnud,atr_mult,24.04,2.5,0.96
fsrqfar8,rsi_14,22.53,70,0.72
fsrqfar8,atr_mult,64.29,2.5,-0.56
fsrqfar8,macd_hist,21.76,,-0.78
2xzas2tu,rsi_14,73.53,70,-0.09
2xzas2tu,atr_mult,64.81,2.5,0.66
ha8lal68,rsi_14,72.99,30,0.39
ha8lal68,atr_mult,25.23,2.5,-0.04
ha8lal68,macd_hist,80.65,,0.38
e8eonupd,rsi_14,29.24,70,-0.72
e8eonupd,atr_mult,59.17,2.5,-0.67
fhyx4dzn,rsi_14,51.99,70,-0.53
fhyx4dzn,atr_mult,49.26,2.5,0.16
fhyx4dzn,macd_hist,28.67,,-0.53
d2dmn0fi,rsi_14,21.44,30,0.21
d2dmn0fi,atr_mult,72.61,2.5,0.94
5370lrg6,rsi_14,27.07,30,0.79
5370lrg6,atr_mult,56.89,2.5,-0.43
5370lrg6,macd_hist,40.03,,0.77
ouwcqfxx,rsi_14,28.17,30,-0.69
ouwcqfxx,atr_mult,44.73,2.5,0.50
ouwcqfxx,macd_hist,89.05,,-0.49
6pz7vu19,rsi_14,20.13,30,0.90
6pz7vu19,atr_mult,34.53,2.5,0.64
6pz7vu19,macd_hist,61.09,,-0.37
6pz7vu19,vwap_dist,51.88,,0.62
dzigadyu,rsi_14,71.91,70,-0.91
dzigadyu,atr_mult,29.64,2.5,-0.81
hv6238jh,rsi_14,21.40,70,0.52
hv6238jh,atr_mult,20.87,2.5,-0.22
h4zv0pz9,rsi_14,50.95,30,-0.11
h4zv0pz9,atr_mult,48.78,2.5,0.17
h4zv0pz9,macd_hist,69.19,,-0.14
h4zv0pz9,vwap_dist,74.67,,0.60
91xeamni,rsi_14,22.85,30,-0.03
91xeamni,atr_mult,76.30,2.5,-0.05
91xeamni,macd_hist,89.77,,-0.65
2x1dtim2,rsi_14,17.00,70,0.22
2x1dtim2,atr_mult,39.66,2.5,0.88
ii3kboya,rsi_14,65.67,30,0.50
ii3kboya,atr_mult,84.49,2.5,-0.93
ii3kboya,macd_hist,12.98,,0.42
sn1hiiys,rsi_14,77.41,70,-0.28
sn1hiiys,atr_mult,83.44,2.5,0.96
aqy78wvf,rsi_14,70.78,30,-0.31
aqy78wvf,atr_mult,30.50,2.5,-0.36
aqy78wvf,macd_hist,24.41,,-0.08
aqy78wvf,vwap_dist,84.28,,0.95
fhwe78vz,rsi_14,55.66,30,-0.75
fhwe78vz,atr_mult,14.17,2.5,0.80
fhwe78vz,macd_hist,20.32,,-0.49
v2u7ddzi,rsi_14,34.59,70,0.09
v2u7ddzi,atr_mult,25.81,2.5,0.78
v2u7ddzi,macd_hist,32.98,,0.50
v2u7ddzi,vwap_dist,20.44,,0.54
vsh43t9s,rsi_14,41.43,30,-0.92
vsh43t9s,atr_mult,52.25,2.5,0.82
vsh43t9s,macd_hist,45.33,,0.13
vsh43t9s,vwap_dist,84.85,,0.75
r2va9llh,rsi_14,15.50,30,0.77
r2va9llh,atr_mult,77.25,2.5,0.31
r2va9llh,macd_hist,22.32,,-0.10
ns9v24en,rsi_14,79.18,30,0.80
ns9v24en,atr_mult,19.42,2.5,0.63
ns9v24en,macd_hist,59.04,,-0.60
ns9v24en,vwap_dist,61.53,,0.69
ixtvqnv8,rsi_14,52.95,30,0.66
ixtvqnv8,atr_mult,65.41,2.5,0.94
ixtvqnv8,macd_hist,17.28,,-0.58
omb10yxs,rsi_14,36.20,70,0.84
omb10yxs,atr_mult,46.74,2.5,-0.71
uq83rzg6,rsi_14,35.21,30,-0.78
uq83rzg6,atr_mult,14.69,2.5,-0.27
n9twu4kk,rsi_14,18.02,70,0.46
n9twu4kk,atr_mult,35.04,2.5,0.10
n9twu4kk,macd_hist,46.09,,0.13
n9twu4kk,vwap_dist,63.96,,0.58
e7vz39r9,rsi_14,50.64,30,0.34
e7vz39r9,atr_mult,32.94,2.5,-0.41
e7vz39r9,macd_hist,42.46,,0.16
e7vz39r9,vwap_dist,77.00,,-0.47
xsylddz2,rsi_14,21.96,70,-0.38
xsylddz2,atr_mult,81.71,2.5,-0.17
xsylddz2,macd_hist,21.84,,0.27
fa1fnwzs,rsi_14,45.65,70,0.49
fa1fnwzs,atr_mult,37.60,2.5,-0.30
c8wlpfm8,rsi_14,68.80,30,0.37
c8wlpfm8,atr_mult,83.12,2.5,0.75
c8wlpfm8,macd_hist,72.52,,-0.72
exdq3ory,rsi_14,11.62,70,-0.44
exdq3ory,atr_mult,46.22,2.5,0.51
tzscfxx2,rsi_14,67.22,70,0.03
tzscfxx2,atr_mult,41.02,2.5,0.96
tzscfxx2,macd_hist,21.79,,0.27
ewl4g9ne,rsi_14,30.83,70,-0.46
ewl4g9ne,atr_mult,18.71,2.5,0.41
ewl4g9ne,macd_hist,14.70,,0.53
ewl4g9ne,vwap_dist,30.86,,0.22
y5jfi372,rsi_14,30.79,30,-0.45
y5jfi372,atr_mult,31.61,2.5,0.81
y5jfi372,macd_hist,67.85,,-0.66
y5jfi372,vwap_dist,42.73,,-0.83
hqvzh780,rsi_14,37.96,70,-0.95
hqvzh780,atr_mult,59.30,2.5,0.64
hqvzh780,macd_hist,58.88,,0.68
hqvzh780,vwap_dist,87.99,,0.08
n9vd5v21,rsi_14,71.19,30,-0.62
n9vd5v21,atr_mult,43.12,2.5,0.75
n9vd5v21,macd_hist,52.62,,-0.82
xvpp4550,rsi_14,51.10,30,0.96
xvpp4550,atr_mult,10.13,2.5,0.92
n9aelh9j,rsi_14,85.81,30,0.01
n9aelh9j,atr_mult,10.46,2.5,0.47
nht02zw5,rsi_14,33.03,30,-0.50
nht02zw5,atr_mult,36.30,2.5,-0.89
nht02zw5,macd_hist,77.97,,-0.17
bsy9ssfu,rsi_14,66.80,70,-0.58
bsy9ssfu,atr_mult,70.80,2.5,0.80
yhuw0tvl,rsi_14,23.19,70,0.95
yhuw0tvl,atr_mult,44.17,2.5,-0.28
9xkubgja,rsi_14,87.35,70,0.23
9xkubgja,atr_mult,78.47,2.5,0.01
9xkubgja,macd_hist,38.54,,0.72
9xkubgja,vwap_dist,11.52,,-0.54
ge3xe8ts,rsi_14,75.19,30,-0.47
ge3xe8ts,atr_mult,13.26,2.5,-0.44
n76r86ed,rsi_14,36.18,30,0.04
n76r86ed,atr_mult,52.19,2.5,0.55
4gul7poi,rsi_14,55.28,30,0.27
4gul7poi,atr_mult,77.50,2.5,0.81
y5dtzg40,rsi_14,40.92,70,-0.83
y5dtzg40,atr_mult,20.25,2.5,-1.00
y5dtzg40,macd_hist,58.42,,0.13
up7zz5kd,rsi_14,15.51,30,0.51
up7zz5kd,atr_mult,51.01,2.5,-0.00
uddevuur,rsi_14,15.88,30,0.92
uddevuur,atr_mult,79.89,2.5,-0.57
uddevuur,macd_hist,37.50,,0.09
uddevuur,vwap_dist,13.00,,0.78
9ilf4or5,rsi_14,49.68,70,-0.21
9ilf4or5,atr_mult,33.43,2.5,0.66
9ilf4or5,macd_hist,52.16,,-0.94
g2tfdxrz,rsi_14,73.42,70,0.08
g2tfdxrz,atr_mult,60.30,2.5,0.47
g2tfdxrz,macd_hist,70.83,,-0.49
g2tfdxrz,vwap_dist,12.73,,-0.38
v4tx4vjb,rsi_14,14.33,30,0.30
v4tx4vjb,atr_mult,36.06,2.5,0.23
v4tx4vjb,macd_hist,81.79,,-0.36
q0tabhhm,rsi_14,31.18,70,0.66
q0tabhhm,atr_mult,18.08,2.5,-0.71
q0tabhhm,macd_hist,16.82,,0.69
wkz93lnl,rsi_14,44.93,30,0.47
wkz93lnl,atr_mult,74.55,2.5,0.55
wkz93lnl,macd_hist,11.08,,-0.30
wkz93lnl,vwap_dist,35.91,,-0.66
5m3eerhr,rsi_14,19.16,30,-0.73
5m3eerhr,atr_mult,79.23,2.5,0.66
5m3eerhr,macd_hist,38.45,,0.90
lpxt50b1,rsi_14,77.35,30,-0.34
lpxt50b1,atr_mult,19.18,2.5,-0.08
lpxt50b1,macd_hist,66.69,,-0.24
lpxt50b1,vwap_dist,74.78,,0.88
ubeoffme,rsi_14,39.98,30,0.94
ubeoffme,atr_mult,20.32,2.5,-0.15
ubeoffme,macd_hist,53.38,,0.33
ubeoffme,vwap_dist,64.97,,-0.76
usppm08v,rsi_14,23.77,30,0.79
usppm08v,atr_mult,60.54,2.5,-0.29
usppm08v,macd_hist,37.54,,-0.39
z2evkvjl,rsi_14,30.91,30,0.41
z2evkvjl,atr_mult,13.88,2.5,0.51
z2evkvjl,macd_hist,60.62,,-0.25
o7gh2r9r,rsi_14,62.41,70,0.53
o7gh2r9r,atr_mult,65.30,2.5,0.91
o7gh2r9r,macd_hist,70.77,,-0.88
0h0r1xcs,rsi_14,51.92,70,0.47
0h0r1xcs,atr_mult,60.68,2.5,0.65
wnpy85gi,rsi_14,48.15,70,-0.62
wnpy85gi,atr_mult,76.72,2.5,-0.92
wnpy85gi,macd_hist,48.09,,0.65
v9ij20lz,rsi_14,60.49,30,-0.70
v9ij20lz,atr_mult,89.23,2.5,-0.68
v9ij20lz,macd_hist,70.38,,-0.91
v9ij20lz,vwap_dist,39.85,,-0.55
fqh4wbtg,rsi_14,82.48,30,0.17
fqh4wbtg,atr_mult,86.22,2.5,0.53
fqh4wbtg,macd_hist,15.51,,-0.22
fqh4wbtg,vwap_dist,26.29,,-0.91
d8j3zpqs,rsi_14,21.06,30,-0.23
d8j3zpqs,atr_mult,84.68,2.5,0.75
d8j3zpqs,macd_hist,63.71,,-0.96
d8j3zpqs,vwap_dist,54.59,,0.11
pjwyxht8,rsi_14,12.59,30,0.71
pjwyxht8,atr_mult,22.71,2.5,0.73
pjwyxht8,macd_hist,34.50,,-0.37
pjwyxht8,vwap_dist,65.29,,0.28
y3anvrph,rsi_14,64.80,70,-0.29
y3anvrph,atr_mult,74.89,2.5,0.31
y3anvrph,macd_hist,66.49,,-0.92
9659dkua,rsi_14,41.92,70,-0.17
9659dkua,atr_mult,87.98,2.5,-0.09
9659dkua,macd_hist,70.27,,-0.09
0688jm3a,rsi_14,70.64,70,-0.03
0688jm3a,atr_mult,84.44,2.5,0.94
9bh8q6qt,rsi_14,23.46,30,0.41
9bh8q6qt,atr_mult,23.70,2.5,-0.56
9bh8q6qt,macd_hist,76.18,,-0.41
9bh8q6qt,vwap_dist,67.81,,0.03
v8pbwg1c,rsi_14,19.09,70,0.84
v8pbwg1c,atr_mult,68.73,2.5,0.88
v8pbwg1c,macd_hist,36.86,,-0.18
v8pbwg1c,vwap_dist,88.07,,0.61
0vlp0v6y,rsi_14,12.30,70,0.55
0vlp0v6y,atr_mult,55.37,2.5,-0.42
0vlp0v6y,macd_hist,42.42,,0.38
eu0yh51r,rsi_14,24.99,30,0.24
eu0yh51r,atr_mult,60.70,2.5,-0.21
4jtr89gy,rsi_14,56.91,30,-0.47
4jtr89gy,atr_mult,44.65,2.5,0.36
4jtr89gy,macd_hist,75.74,,0.38
qq4ix1xf,rsi_14,19.77,70,0.14
qq4ix1xf,atr_mult,83.00,2.5,-0.47
qq4ix1xf,macd_hist,37.79,,-0.87
2kxu1jhj,rsi_14,49.45,70,0.74
2kxu1jhj,atr_mult,81.20,2.5,-0.15
2kxu1jhj,macd_hist,43.31,,0.23
swlnfddg,rsi_14,40.79,30,-0.49
swlnfddg,atr_mult,84.89,2.5,0.32
swlnfddg,macd_hist,36.67,,0.49
8bhow2u4,rsi_14,32.35,70,-0.08
8bhow2u4,atr_mult,21.69,2.5,0.95
8bhow2u4,macd_hist,38.50,,0.38
1ndv0uv7,rsi_14,13.66,70,-0.27
1ndv0uv7,atr_mult,78.97,2.5,-0.18
1ndv0uv7,macd_hist,19.55,,-0.54
39i8a3g3,rsi_14,52.96,30,-0.70
39i8a3g3,atr_mult,64.39,2.5,-0.56
39i8a3g3,macd_hist,36.47,,-0.18
39i8a3g3,vwap_dist,72.97,,0.69
idlxjh40,rsi_14,55.69,30,1.00
idlxjh40,atr_mult,25.60,2.5,-0.12
gx212doz,rsi_14,45.43,70,0.80
gx212doz,atr_mult,64.57,2.5,0.79
gx212doz,macd_hist,24.69,,0.90
coa6muq9,rsi_14,79.08,30,0.11
coa6muq9,atr_mult,59.83,2.5,-0.84
coa6muq9,macd_hist,50.41,,0.53
coa6muq9,vwap_dist,45.77,,0.49
tlbqrixz,rsi_14,37.66,30,0.24
tlbqrixz,atr_mult,88.46,2.5,0.12
tlbqrixz,macd_hist,32.89,,-0.43
tlbqrixz,vwap_dist,18.86,,0.89
wjub553l,rsi_14,21.63,70,0.62
wjub553l,atr_mult,39.72,2.5,-0.95
wjub553l,macd_hist,11.53,,-0.09
axx76x64,rsi_14,86.77,70,0.92
axx76x64,atr_mult,60.94,2.5,-0.22
axx76x64,macd_hist,76.78,,-0.68
3183j3im,rsi_14,63.27,70,-0.59
3183j3im,atr_mult,27.39,2.5,-0.25
3183j3im,macd_hist,54.76,,-0.51
7bz703h2,rsi_14,32.34,70,0.51
7bz703h2,atr_mult,80.26,2.5,-0.84
mpmizi9g,rsi_14,75.87,70,-0.95
mpmizi9g,atr_mult,48.77,2.5,0.58
mau2y775,rsi_14,37.03,70,0.53
mau2y775,atr_mult,16.64,2.5,0.79
mau2y775,macd_hist,56.40,,0.93
mau2y775,vwap_dist,48.03,,-0.30
09bwj50o,rsi_14,67.44,30,-0.81
09bwj50o,atr_mult,55.55,2.5,-0.01
6kwx7hvh,rsi_14,83.21,30,-0.46
6kwx7hvh,atr_mult,88.91,2.5,-0.61
6kwx7hvh,macd_hist,41.73,,0.94
6kwx7hvh,vwap_dist,45.54,,-0.45
90jhq8mf,rsi_14,58.89,30,-0.52
90jhq8mf,atr_mult,28.63,2.5,0.00
ykdnzood,rsi_14,62.64,70,-0.11
ykdnzood,atr_mult,47.15,2.5,-0.50
ykdnzood,macd_hist,30.67,,-0.71
1p2eb9e5,rsi_14,14.32,70,-0.35
1p2eb9e5,atr_mult,57.39,2.5,0.22
1p2eb9e5,macd_hist,44.97,,0.49
793fowus,rsi_14,89.18,70,-0.90
793fowus,atr_mult,27.20,2.5,-0.89
793fowus,macd_hist,72.55,,0.72
793fowus,vwap_dist,30.10,,0.03
9isohw0l,rsi_14,58.44,30,0.81
9isohw0l,atr_mult,85.66,2.5,0.94
2iytukkz,rsi_14,61.56,30,-0.19
2iytukkz,atr_mult,46.97,2.5,-0.87
2iytukkz,macd_hist,37.68,,0.41
2iytukkz,vwap_dist,17.53,,-0.19
lzd76jrz,rsi_14,53.15,70,0.01
lzd76jrz,atr_mult,33.26,2.5,-0.98
lzd76jrz,macd_hist,41.22,,0.60
lzd76jrz,vwap_dist,33.97,,-0.57
m87i695e,rsi_14,16.97,30,0.27
m87i695e,atr_mult,36.18,2.5,-0.56
m87i695e,macd_hist,82.52,,-0.75
m87i695e,vwap_dist,82.52,,0.43
bjft9g9a,rsi_14,27.28,30,0.10
bjft9g9a,atr_mult,39.24,2.5,0.46
bjft9g9a,macd_hist,35.27,,0.57
bjft9g9a,vwap_dist,55.49,,0.73
7h20t7jj,rsi_14,49.99,30,0.69
7h20t7jj,atr_mult,57.00,2.5,-0.63
7h20t7jj,macd_hist,83.12,,0.38
q9cothzo,rsi_14,79.91,30,-0.92
q9cothzo,atr_mult,36.66,2.5,0.03
q9cothzo,macd_hist,44.89,,0.09
q9cothzo,vwap_dist,62.83,,0.61
qkpbhin5,rsi_14,15.43,70,-0.79
qkpbhin5,atr_mult,42.75,2.5,0.43
qkpbhin5,macd_hist,79.95,,0.71
yzgnj1p3,rsi_14,67.35,70,0.97
yzgnj1p3,atr_mult,77.42,2.5,-0.49
u1ig6vbk,rsi_14,75.90,30,-0.94
u1ig6vbk,atr_mult,76.42,2.5,-0.38
u1ig6vbk,macd_hist,79.38,,0.26
u1ig6vbk,vwap_dist,69.05,,-0.00
kq4jqnt2,rsi_14,52.25,30,-0.59
kq4jqnt2,atr_mult,66.63,2.5,0.35
kq4jqnt2,macd_hist,54.48,,0.95
kq4jqnt2,vwap_dist,62.38,,-0.95
l0ntrk6s,rsi_14,43.89,30,-0.83
l0ntrk6s,atr_mult,57.51,2.5,-0.40
bwkdil7d,rsi_14,26.02,70,0.34
bwkdil7d,atr_mult,13.55,2.5,-0.14
bwkdil7d,macd_hist,69.31,,-0.98
bwkdil7d,vwap_dist,85.06,,-0.64
uw19pjcv,rsi_14,39.60,30,-0.51
uw19pjcv,atr_mult,53.74,2.5,-0.10
uw19pjcv,macd_hist,50.15,,-0.69
uw19pjcv,vwap_dist,45.66,,0.53
1pc06wq1,rsi_14,36.27,70,0.74
1pc06wq1,atr_mult,74.17,2.5,0.08
1pc06wq1,macd_hist,51.03,,-0.52
cerbtpsh,rsi_14,72.58,70,-0.89
cerbtpsh,atr_mult,68.43,2.5,0.42
cerbtpsh,macd_hist,32.84,,0.85
cerbtpsh,vwap_dist,47.13,,-0.64
085cgba8,rsi_14,13.41,70,0.46
085cgba8,atr_mult,38.85,2.5,0.78
085cgba8,macd_hist,78.57,,-0.67
lif8w4s0,rsi_14,41.65,70,-0.16
lif8w4s0,atr_mult,51.76,2.5,-0.77
lif8w4s0,macd_hist,14.83,,0.20
2ul5x11d,rsi_14,17.05,70,0.47
2ul5x11d,atr_mult,29.05,2.5,-0.25
2ul5x11d,macd_hist,30.38,,-0.04
zxwnxazx,rsi_14,60.47,30,0.62
zxwnxazx,atr_mult,72.86,2.5,0.32
vwl2sn2p,rsi_14,62.91,30,-0.72
vwl2sn2p,atr_mult,53.29,2.5,-0.31
uoav2w5x,rsi_14,14.26,30,-0.25
uoav2w5x,atr_mult,14.57,2.5,0.58
uoav2w5x,macd_hist,77.66,,-0.74
uoav2w5x,vwap_dist,58.08,,0.41
c56nzzan,rsi_14,59.00,30,0.65
c56nzzan,atr_mult,34.87,2.5,0.38
c56nzzan,macd_hist,62.21,,0.50
0b7mdp9k,rsi_14,46.95,30,-0.40
0b7mdp9k,atr_mult,58.88,2.5,0.06
0b7mdp9k,macd_hist,31.36,,-0.21
gmupcqzf,rsi_14,44.04,30,-0.44
gmupcqzf,atr_mult,76.31,2.5,0.72
gmupcqzf,macd_hist,37.97,,0.78
vfjooxj5,rsi_14,45.52,30,-0.71
vfjooxj5,atr_mult,45.65,2.5,-0.86
izs61d54,rsi_14,83.64,30,0.91
izs61d54,atr_mult,87.74,2.5,0.33
izs61d54,macd_hist,51.95,,-0.96
xelkh0vg,rsi_14,21.72,30,0.60
xelkh0vg,atr_mult,42.58,2.5,0.13
xelkh0vg,macd_hist,64.42,,0.90
xelkh0vg,vwap_dist,59.66,,-0.18
m25x27yb,rsi_14,18.07,70,-0.07
m25x27yb,atr_mult,41.45,2.5,-0.49
m25x27yb,macd_hist,79.47,,0.87
s8eyn6af,rsi_14,26.23,70,0.79
s8eyn6af,atr_mult,63.16,2.5,-0.38
s8eyn6af,macd_hist,53.95,,-0.77
raji3sd2,rsi_14,58.34,30,-0.23
raji3sd2,atr_mult,24.24,2.5,0.56
raji3sd2,macd_hist,65.69,,0.75
raji3sd2,vwap_dist,27.56,,0.35
1l046nij,rsi_14,18.14,30,0.02
1l046nij,atr_mult,22.84,2.5,-0.70
1l046nij,macd_hist,10.37,,-0.27
wb1b0zds,rsi_14,34.14,70,0.47
wb1b0zds,atr_mult,89.60,2.5,0.45
wb1b0zds,macd_hist,13.25,,-0.09
wb1b0zds,vwap_dist,29.98,,-0.86
xo5p9hls,rsi_14,35.15,30,-0.47
xo5p9hls,atr_mult,74.19,2.5,-0.11
xo5p9hls,macd_hist,29.55,,0.65
xo5p9hls,vwap_dist,21.13,,0.26
8subzik1,rsi_14,26.43,70,-0.40
8subzik1,atr_mult,44.59,2.5,0.09
8subzik1,macd_hist,32.05,,-0.69
8subzik1,vwap_dist,53.69,,-0.10
u4h44f7b,rsi_14,26.24,30,0.68
u4h44f7b,atr_mult,49.79,2.5,-0.56
u4h44f7b,macd_hist,27.52,,0.34
g60fd8oq,rsi_14,10.33,70,0.71
g60fd8oq,atr_mult,27.39,2.5,0.53
g60fd8oq,macd_hist,75.24,,-0.69
2mrcfi9w,rsi_14,10.53,70,-0.86
2mrcfi9w,atr_mult,64.76,2.5,0.52
g3rxd0zp,rsi_14,29.19,70,0.83
g3rxd0zp,atr_mult,58.30,2.5,0.26
g3rxd0zp,macd_hist,80.98,,0.73
g3rxd0zp,vwap_dist,36.35,,-0.53
28o5mugf,rsi_14,54.82,70,0.85
28o5mugf,atr_mult,59.41,2.5,-0.85
28o5mugf,macd_hist,11.86,,0.55
1lx7dv9w,rsi_14,20.46,70,0.97
1lx7dv9w,atr_mult,49.70,2.5,-0.02
1lx7dv9w,macd_hist,62.43,,0.19
fh0cvgqn,rsi_14,49.58,70,0.05
fh0cvgqn,atr_mult,16.02,2.5,-0.64
d349j0hf,rsi_14,44.21,70,-0.17
d349j0hf,atr_mult,36.48,2.5,0.44
d349j0hf,macd_hist,83.63,,0.56
d349j0hf,vwap_dist,72.63,,0.88
1a903580,rsi_14,76.60,70,0.58
1a903580,atr_mult,51.70,2.5,0.55
9gnqsmc0,rsi_14,56.08,30,-0.24
9gnqsmc0,atr_mult,19.97,2.5,0.04
9gnqsmc0,macd_hist,56.04,,-0.71
912uaj50,rsi_14,27.59,70,0.96
912uaj50,atr_mult,81.56,2.5,0.55
pgcotc8c,rsi_14,46.50,70,-0.93
pgcotc8c,atr_mult,52.52,2.5,-0.11
pgcotc8c,macd_hist,52.64,,0.86
pgcotc8c,vwap_dist,48.03,,0.96
l2vi0tmx,rsi_14,66.97,70,0.62
l2vi0tmx,atr_mult,89.18,2.5,0.39
l2vi0tmx,macd_hist,70.75,,0.29
997wwmkb,rsi_14,56.93,70,-0.09
997wwmkb,atr_mult,31.08,2.5,0.39
997wwmkb,macd_hist,51.29,,-0.12
8xg57vux,rsi_14,34.13,70,-0.41
8xg57vux,atr_mult,85.16,2.5,-0.31
1ti09b6v,rsi_14,24.35,70,0.16
1ti09b6v,atr_mult,49.59,2.5,-0.07
c15tz09q,rsi_14,28.88,70,0.85
c15tz09q,atr_mult,45.68,2.5,-0.49
c15tz09q,macd_hist,29.50,,-0.23
c15tz09q,vwap_dist,32.02,,-0.03
fkba0qkr,rsi_14,32.99,30,0.32
fkba0qkr,atr_mult,78.25,2.5,-0.27
860z9cw8,rsi_14,87.31,30,0.64
860z9cw8,atr_mult,86.30,2.5,0.44
860z9cw8,macd_hist,27.03,,0.96
860z9cw8,vwap_dist,23.09,,-0.26
no5s0v4w,rsi_14,14.11,70,0.54
no5s0v4w,atr_mult,35.09,2.5,0.33
no5s0v4w,macd_hist,71.11,,-0.81
z6mpyaty,rsi_14,63.51,70,-0.16
z6mpyaty,atr_mult,71.94,2.5,-0.43
z6mpyaty,macd_hist,81.40,,0.56
yt6v8fku,rsi_14,65.10,70,0.20
yt6v8fku,atr_mult,57.99,2.5,-0.23
yt6v8fku,macd_hist,21.48,,0.28
dj0xiup8,rsi_14,75.98,30,-0.98
dj0xiup8,atr_mult,85.17,2.5,-0.87
dj0xiup8,macd_hist,18.28,,-0.25
zri5a8ap,rsi_14,65.33,70,-0.28
zri5a8ap,atr_mult,44.38,2.5,-0.26
inrl1hnu,rsi_14,57.94,70,0.19
inrl1hnu,atr_mult,50.52,2.5,-0.29
inrl1hnu,macd_hist,14.66,,0.55
dbqatx71,rsi_14,22.45,70,-0.94
dbqatx71,atr_mult,58.95,2.5,0.91
pjoo0s9y,rsi_14,82.35,70,-0.18
pjoo0s9y,atr_mult,60.74,2.5,-0.82
pjoo0s9y,macd_hist,63.31,,0.41
pjoo0s9y,vwap_dist,29.82,,-1.00
dr1d8220,rsi_14,73.40,70,-0.58
dr1d8220,atr_mult,42.80,2.5,-0.29
dr1d8220,macd_hist,54.57,,-0.19
dr1d8220,vwap_dist,55.31,,-0.35
6zxavbvz,rsi_14,49.81,30,0.79
6zxavbvz,atr_mult,23.93,2.5,-0.43
6zxavbvz,macd_hist,68.93,,-0.72
b38qq3qz,rsi_14,31.56,70,-0.87
b38qq3qz,atr_mult,84.65,2.5,-0.05
leu53a1x,rsi_14,14.61,30,-0.52
leu53a1x,atr_mult,73.28,2.5,0.01
uyzypmza,rsi_14,53.90,30,0.74
uyzypmza,atr_mult,75.78,2.5,0.10
uyzypmza,macd_hist,47.89,,0.34
uyzypmza,vwap_dist,33.47,,-0.56
p3d7byfs,rsi_14,70.97,30,0.13
p3d7byfs,atr_mult,40.79,2.5,-0.03
p3d7byfs,macd_hist,83.34,,0.49
1gn9fxpg,rsi_14,49.21,30,-0.90
1gn9fxpg,atr_mult,58.35,2.5,-0.83
1gn9fxpg,macd_hist,46.59,,0.49
ht620ftg,rsi_14,85.65,30,0.74
ht620ftg,atr_mult,89.06,2.5,0.49
j1q8g9tg,rsi_14,62.78,70,-0.46
j1q8g9tg,atr_mult,68.48,2.5,-0.17
j1q8g9tg,macd_hist,80.16,,-0.36
211s62z8,rsi_14,69.99,30,-0.06
211s62z8,atr_mult,11.45,2.5,0.31
rc2ing65,rsi_14,72.01,30,0.55
rc2ing65,atr_mult,38.72,2.5,0.90
m42seb0c,rsi_14,47.88,30,0.08
m42seb0c,atr_mult,53.16,2.5,0.76
m42seb0c,macd_hist,61.81,,-0.73
n370fe6y,rsi_14,56.75,70,0.74
n370fe6y,atr_mult,15.25,2.5,0.55
n370fe6y,macd_hist,73.17,,-0.04
n370fe6y,vwap_dist,26.33,,-0.79
acu2prep,rsi_14,53.86,30,-0.52
acu2prep,atr_mult,54.04,2.5,0.98
acu2prep,macd_hist,56.27,,0.35
ulp9pqmz,rsi_14,80.15,70,0.13
ulp9pqmz,atr_mult,25.76,2.5,-0.76
kvnr3qss,rsi_14,30.99,30,0.90
kvnr3qss,atr_mult,30.45,2.5,-0.08
kvnr3qss,macd_hist,65.15,,-0.47
kvnr3qss,vwap_dist,44.74,,-0.22
t5tpx4pe,rsi_14,13.35,70,-0.51
t5tpx4pe,atr_mult,89.49,2.5,-0.50
w4x2qnwe,rsi_14,32.00,70,-0.53
w4x2qnwe,atr_mult,37.78,2.5,0.04
hyyllbrb,rsi_14,52.90,30,0.88
hyyllbrb,atr_mult,22.19,2.5,-0.87
hyyllbrb,macd_hist,54.66,,-0.92
ra4oqc9c,rsi_14,75.90,30,0.42
ra4oqc9c,atr_mult,76.25,2.5,0.53
ra4oqc9c,macd_hist,88.61,,0.90
joxdggvb,rsi_14,71.66,30,0.63
joxdggvb,atr_mult,16.92,2.5,0.66
joxdggvb,macd_hist,44.49,,0.98
eentrse3,rsi_14,51.38,30,0.67
eentrse3,atr_mult,21.01,2.5,-0.66
95v6r8t1,rsi_14,41.18,30,0.51
95v6r8t1,atr_mult,78.66,2.5,0.39
95v6r8t1,macd_hist,47.95,,0.28
95v6r8t1,vwap_dist,56.41,,-0.58
60mro2iw,rsi_14,22.10,70,0.36
60mro2iw,atr_mult,72.92,2.5,0.28
60mro2iw,macd_hist,35.12,,-0.13
60mro2iw,vwap_dist,73.19,,0.49
7ez0y5zg,rsi_14,37.58,30,-0.13
7ez0y5zg,atr_mult,40.29,2.5,-0.12
7ez0y5zg,macd_hist,62.08,,-0.07
7ez0y5zg,vwap_dist,25.94,,0.58
ss0y63a9,rsi_14,82.55,70,-0.62
ss0y63a9,atr_mult,42.15,2.5,-0.50
i2rd1wjz,rsi_14,13.93,70,-0.80
i2rd1wjz,atr_mult,50.52,2.5,-0.33
i2rd1wjz,macd_hist,36.35,,-0.94
i2rd1wjz,vwap_dist,55.92,,-0.53
dxr5tgp1,rsi_14,13.57,30,0.38
dxr5tgp1,atr_mult,34.28,2.5,-0.44
col2z2xs,rsi_14,82.59,70,0.06
col2z2xs,atr_mult,22.41,2.5,-0.63
sygkve7w,rsi_14,60.71,30,-0.09
sygkve7w,atr_mult,47.31,2.5,0.50
sygkve7w,macd_hist,25.95,,-0.63
qja4a5r5,rsi_14,73.74,30,0.45
qja4a5r5,atr_mult,52.77,2.5,-0.23
amp582x5,rsi_14,65.08,70,0.79
amp582x5,atr_mult,59.70,2.5,-0.60
amp582x5,macd_hist,15.04,,0.04
gh9cd12w,rsi_14,55.96,30,0.58
gh9cd12w,atr_mult,85.51,2.5,0.02
gh9cd12w,macd_hist,82.75,,-0.26
tlo8qehk,rsi_14,85.30,70,0.72
tlo8qehk,atr_mult,80.52,2.5,0.61
zg2mgruy,rsi_14,17.47,30,0.42
zg2mgruy,atr_mult,24.72,2.5,-0.29
zg2mgruy,macd_hist,44.74,,0.35
zg2mgruy,vwap_dist,70.75,,0.08
andpot05,rsi_14,21.67,30,0.73
andpot05,atr_mult,88.26,2.5,0.22
andpot05,macd_hist,17.42,,-0.74
jloviytj,rsi_14,69.17,70,0.05
jloviytj,atr_mult,76.25,2.5,0.40
jloviytj,macd_hist,66.86,,-0.37
jloviytj,vwap_dist,77.39,,-0.08
fzuh68x6,rsi_14,64.60,30,0.93
fzuh68x6,atr_mult,76.11,2.5,0.18
nloykn90,rsi_14,20.83,30,0.59
nloykn90,atr_mult,62.26,2.5,0.29
q6prhk9t,rsi_14,73.12,70,-0.94
q6prhk9t,atr_mult,69.25,2.5,-0.68
synvujvz,rsi_14,34.39,30,-0.16
synvujvz,atr_mult,81.33,2.5,0.11
synvujvz,macd_hist,10.13,,0.93
8esx5ela,rsi_14,60.60,30,-0.54
8esx5ela,atr_mult,44.92,2.5,0.76
8esx5ela,macd_hist,79.01,,0.70
8esx5ela,vwap_dist,67.96,,0.19
jzms1w61,rsi_14,22.79,30,-0.58
jzms1w61,atr_mult,12.04,2.5,0.03
jzms1w61,macd_hist,76.76,,0.85
d5mvc17b,rsi_14,65.01,70,-0.70
d5mvc17b,atr_mult,72.45,2.5,-0.07
d5mvc17b,macd_hist,26.78,,0.24
d5mvc17b,vwap_dist,26.56,,-0.75
5usndyls,rsi_14,43.88,70,0.33
5usndyls,atr_mult,66.88,2.5,0.95
5usndyls,macd_hist,70.15,,0.86
5usndyls,vwap_dist,19.83,,0.91
4j3lznwc,rsi_14,72.76,70,0.39
4j3lznwc,atr_mult,13.49,2.5,0.77
6f3ezixc,rsi_14,54.73,70,-0.09
6f3ezixc,atr_mult,44.90,2.5,0.14
6f3ezixc,macd_hist,10.11,,-0.73
y4m5o4vr,rsi_14,82.28,30,0.20
y4m5o4vr,atr_mult,78.54,2.5,0.63
y4m5o4vr,macd_hist,54.74,,0.22
wqhakbsk,rsi_14,59.34,30,0.29
wqhakbsk,atr_mult,85.05,2.5,-0.25
wqhakbsk,macd_hist,32.62,,-0.57
wqhakbsk,vwap_dist,87.58,,-0.69
fefjn9kt,rsi_14,25.67,70,0.05
fefjn9kt,atr_mult,18.96,2.5,-0.43
4f68uuqh,rsi_14,16.29,70,0.07
4f68uuqh,atr_mult,76.83,2.5,0.01
rdiaowmk,rsi_14,33.50,30,0.48
rdiaowmk,atr_mult,62.54,2.5,0.45
7fo0s27t,rsi_14,28.64,30,0.69
7fo0s27t,atr_mult,76.13,2.5,-0.31
l8uvhb77,rsi_14,60.96,70,-0.08
l8uvhb77,atr_mult,14.39,2.5,0.79
om220ha9,rsi_14,34.82,70,-0.79
om220ha9,atr_mult,39.79,2.5,0.64
om220ha9,macd_hist,59.17,,-0.92
om220ha9,vwap_dist,84.14,,0.07
r22t01je,rsi_14,29.60,70,0.65
r22t01je,atr_mult,74.10,2.5,0.86
s2frdry6,rsi_14,55.28,70,0.39
s2frdry6,atr_mult,17.45,2.5,-0.16
s2frdry6,macd_hist,83.77,,-0.71
79tvx6vj,rsi_14,83.49,70,-0.01
79tvx6vj,atr_mult,63.78,2.5,-0.33
79tvx6vj,macd_hist,62.29,,-0.76
79tvx6vj,vwap_dist,33.91,,-0.62
dqxw6k1w,rsi_14,69.67,70,0.27
dqxw6k1w,atr_mult,74.14,2.5,0.37
dqxw6k1w,macd_hist,82.16,,-0.87
i5c0z398,rsi_14,47.65,70,-0.76
i5c0z398,atr_mult,46.91,2.5,0.27
i5c0z398,macd_hist,27.35,,-0.34
i5c0z398,vwap_dist,53.24,,-0.84
8dt3f5t7,rsi_14,60.97,30,0.45
8dt3f5t7,atr_mult,52.56,2.5,-0.45
8dt3f5t7,macd_hist,80.98,,0.21
8dt3f5t7,vwap_dist,85.47,,0.18
2y6n3w1j,rsi_14,60.78,70,0.40
2y6n3w1j,atr_mult,80.80,2.5,-0.96
a0rlceko,rsi_14,58.28,70,-0.35
a0rlceko,atr_mult,51.92,2.5,-0.53
a0rlceko,macd_hist,68.67,,0.14
d8275b6b,rsi_14,43.93,30,-0.74
d8275b6b,atr_mult,40.85,2.5,-0.27
50a2i638,rsi_14,71.73,30,0.29
50a2i638,atr_mult,77.55,2.5,0.44
xn8j4wst,rsi_14,40.72,70,0.54
xn8j4wst,atr_mult,67.73,2.5,-0.50
iuaikf25,rsi_14,71.06,70,-0.44
iuaikf25,atr_mult,26.23,2.5,0.56
iuaikf25,macd_hist,38.95,,0.60
17xsqqmi,rsi_14,17.35,70,0.03
17xsqqmi,atr_mult,42.44,2.5,-0.56
17xsqqmi,macd_hist,21.94,,0.18
m9makstu,rsi_14,47.03,30,-0.19
m9makstu,atr_mult,11.79,2.5,-0.18
s22hwik1,rsi_14,23.12,70,0.35
s22hwik1,atr_mult,21.23,2.5,-0.16
s22hwik1,macd_hist,46.97,,-0.86
ua2n9bdh,rsi_14,59.07,30,0.20
ua2n9bdh,atr_mult,38.19,2.5,-0.69
ua2n9bdh,macd_hist,47.11,,0.96
ley42x90,rsi_14,26.56,30,-0.55
ley42x90,atr_mult,11.22,2.5,-0.18
ley42x90,macd_hist,56.93,,0.66
m38zjqcz,rsi_14,64.70,30,-0.67
m38zjqcz,atr_mult,11.35,2.5,0.94
m38zjqcz,macd_hist,64.54,,-0.67
m38zjqcz,vwap_dist,37.67,,0.29
831badrm,rsi_14,19.91,70,-0.19
831badrm,atr_mult,74.55,2.5,-0.26
831badrm,macd_hist,82.75,,-0.37
ruyj0y6r,rsi_14,69.27,30,-0.65
ruyj0y6r,atr_mult,58.36,2.5,-0.06
ruyj0y6r,macd_hist,38.39,,0.31
ruyj0y6r,vwap_dist,70.12,,-0.94
lnazc4w0,rsi_14,12.90,70,-0.55
lnazc4w0,atr_mult,11.23,2.5,1.00
lnazc4w0,macd_hist,81.28,,0.93
j5oii2e5,rsi_14,77.26,70,0.33
j5oii2e5,atr_mult,53.99,2.5,-0.10
j5oii2e5,macd_hist,75.39,,0.96
j5oii2e5,vwap_dist,44.25,,-0.10
ys2adboa,rsi_14,55.46,70,0.08
ys2adboa,atr_mult,74.22,2.5,-0.00
ys2adboa,macd_hist,17.90,,-0.53
v5v0xsip,rsi_14,85.34,70,0.60
v5v0xsip,atr_mult,45.57,2.5,0.69
qh4f6jl6,rsi_14,46.15,30,-0.22
qh4f6jl6,atr_mult,46.34,2.5,-0.72
qh4f6jl6,macd_hist,80.37,,-0.64
en2j19dk,rsi_14,42.20,30,0.24
en2j19dk,atr_mult,51.85,2.5,0.20
kifc7rlr,rsi_14,55.04,70,-0.57
kifc7rlr,atr_mult,89.52,2.5,0.05
kifc7rlr,macd_hist,17.79,,-0.74
kifc7rlr,vwap_dist,17.58,,0.14
v2jfdkzx,rsi_14,73.21,30,0.40
v2jfdkzx,atr_mult,70.76,2.5,-0.82
n4tp5ds9,rsi_14,54.85,70,0.11
n4tp5ds9,atr_mult,77.38,2.5,0.09
n4tp5ds9,macd_hist,83.76,,-0.75
n4tp5ds9,vwap_dist,86.98,,-0.47
22e4su3e,rsi_14,56.84,30,0.38
22e4su3e,atr_mult,69.79,2.5,-0.38
22e4su3e,macd_hist,52.53,,0.58
22e4su3e,vwap_dist,24.50,,0.79
yhvfeu12,rsi_14,17.61,70,0.40
yhvfeu12,atr_mult,19.03,2.5,-0.43
gc40j4qt,rsi_14,87.17,30,-0.55
gc40j4qt,atr_mult,45.35,2.5,0.45
ol8muqp2,rsi_14,78.67,30,0.06
ol8muqp2,atr_mult,46.87,2.5,-0.63
0q7lxgh4,rsi_14,23.45,30,-0.06
0q7lxgh4,atr_mult,11.79,2.5,0.05
0q7lxgh4,macd_hist,24.85,,-0.02
400phfzw,rsi_14,39.45,70,0.51
400phfzw,atr_mult,23.21,2.5,0.85
5mey6sec,rsi_14,42.68,30,0.01
5mey6sec,atr_mult,50.49,2.5,0.26
5mey6sec,macd_hist,39.98,,-0.42
5mey6sec,vwap_dist,75.23,,0.94
husb13dt,rsi_14,40.86,30,-0.09
husb13dt,atr_mult,17.00,2.5,0.38
husb13dt,macd_hist,81.57,,-0.78
husb13dt,vwap_dist,89.53,,-0.00
gd7hz3r2,rsi_14,85.81,70,-0.13
gd7hz3r2,atr_mult,22.51,2.5,-0.49
gd7hz3r2,macd_hist,20.47,,0.16
gd7hz3r2,vwap_dist,59.79,,0.28
vm779sp9,rsi_14,86.26,30,0.24
vm779sp9,atr_mult,16.56,2.5,0.55
96dayhv1,rsi_14,80.08,70,-0.56
96dayhv1,atr_mult,31.53,2.5,-0.08
96dayhv1,macd_hist,83.13,,-0.95
3k04h71c,rsi_14,53.46,30,-0.60
3k04h71c,atr_mult,55.67,2.5,0.10
ukbewpdq,rsi_14,77.15,70,-0.29
ukbewpdq,atr_mult,57.75,2.5,0.50
2dbhg941,rsi_14,50.58,30,0.62
2dbhg941,atr_mult,77.60,2.5,0.92
tyniplr5,rsi_14,15.36,70,0.70
tyniplr5,atr_mult,11.44,2.5,0.78
0sw43xqd,rsi_14,80.70,30,0.68
0sw43xqd,atr_mult,81.24,2.5,-0.56
0sw43xqd,macd_hist,27.34,,-0.72
z4m43ob8,rsi_14,35.72,30,-0.45
z4m43ob8,atr_mult,79.83,2.5,-0.20
z4m43ob8,macd_hist,55.26,,0.70
z4m43ob8,vwap_dist,54.47,,0.83
guqtn4l0,rsi_14,52.21,70,-0.69
guqtn4l0,atr_mult,74.63,2.5,0.19
guqtn4l0,macd_hist,74.48,,0.85
guqtn4l0,vwap_dist,78.00,,-0.54
frd05t4x,rsi_14,13.85,30,0.74
frd05t4x,atr_mult,80.90,2.5,0.45
a4mm2b0g,rsi_14,50.78,70,-0.11
a4mm2b0g,atr_mult,22.43,2.5,-0.14
llovzwm6,rsi_14,51.30,30,0.16
llovzwm6,atr_mult,88.04,2.5,-0.63
tfjjbd46,rsi_14,79.57,30,0.30
tfjjbd46,atr_mult,22.18,2.5,-0.74
m8zglhl1,rsi_14,40.48,30,0.33
m8zglhl1,atr_mult,64.19,2.5,0.03
m8zglhl1,macd_hist,42.96,,0.32
m8zglhl1,vwap_dist,79.95,,-0.82
b931k5id,rsi_14,70.64,70,0.55
b931k5id,atr_mult,82.89,2.5,0.64
b931k5id,macd_hist,39.09,,0.06
b931k5id,vwap_dist,54.30,,0.12
fbkyf9zs,rsi_14,41.82,30,0.64
fbkyf9zs,atr_mult,18.49,2.5,0.19
t7y7dhyl,rsi_14,52.52,70,-0.99
t7y7dhyl,atr_mult,87.12,2.5,-0.35
fn4lm5md,rsi_14,11.18,70,-0.43
fn4lm5md,atr_mult,56.82,2.5,0.72
tni94381,rsi_14,30.44,30,0.47
tni94381,atr_mult,68.05,2.5,-0.47
i4ue9icj,rsi_14,79.21,70,0.56
i4ue9icj,atr_mult,74.29,2.5,0.72
i4ue9icj,macd_hist,15.36,,-0.64
i4ue9icj,vwap_dist,45.08,,0.47
v3mo575h,rsi_14,24.90,70,-0.13
v3mo575h,atr_mult,32.33,2.5,-0.61
g7rabz1v,rsi_14,11.20,30,-0.95
g7rabz1v,atr_mult,11.45,2.5,-0.17
g7rabz1v,macd_hist,19.41,,-0.95
g7rabz1v,vwap_dist,42.19,,-0.80
0xfevlw9,rsi_14,46.02,30,-0.83
0xfevlw9,atr_mult,13.86,2.5,0.06
0xfevlw9,macd_hist,50.39,,0.35
7dpbagxk,rsi_14,84.59,70,-0.77
7dpbagxk,atr_mult,33.78,2.5,-0.96
7dpbagxk,macd_hist,78.26,,-0.62
3j0qj58i,rsi_14,70.87,70,-0.39
3j0qj58i,atr_mult,37.67,2.5,-0.81
3j0qj58i,macd_hist,24.65,,-0.35
eo923lmm,rsi_14,56.55,30,-0.35
eo923lmm,atr_mult,11.81,2.5,0.77
ji3m39wn,rsi_14,28.22,70,-0.04
ji3m39wn,atr_mult,60.41,2.5,0.82
ji3m39wn,macd_hist,67.66,,-0.26
ji3m39wn,vwap_dist,12.33,,0.46
syz2njxx,rsi_14,22.53,30,-0.19
syz2njxx,atr_mult,49.84,2.5,0.47
syz2njxx,macd_hist,45.57,,-0.61
vxtm0t10,rsi_14,59.87,30,-0.47
vxtm0t10,atr_mult,37.35,2.5,-0.90
76zue5dp,rsi_14,68.06,30,-0.64
76zue5dp,atr_mult,83.48,2.5,0.89
76zue5dp,macd_hist,53.41,,-0.92
76zue5dp,vwap_dist,72.10,,-0.68
t34meb4l,rsi_14,16.93,30,0.29
t34meb4l,atr_mult,56.52,2.5,0.59
60j8tc50,rsi_14,46.49,70,-0.91
60j8tc50,atr_mult,77.73,2.5,0.84
60j8tc50,macd_hist,64.47,,0.98
60j8tc50,vwap_dist,43.27,,0.70
cyqs3muy,rsi_14,40.43,30,1.00
cyqs3muy,atr_mult,74.87,2.5,0.94
m2016qkd,rsi_14,71.71,70,0.73
m2016qkd,atr_mult,70.64,2.5,0.86
m2016qkd,macd_hist,45.33,,-0.08
m2016qkd,vwap_dist,69.20,,-0.59
jj8kaixu,rsi_14,32.91,30,0.39
jj8kaixu,atr_mult,81.04,2.5,0.23
jj8kaixu,macd_hist,18.73,,-0.90
jj8kaixu,vwap_dist,14.39,,0.44
tm1p31ug,rsi_14,33.04,70,0.18
tm1p31ug,atr_mult,20.80,2.5,0.03
tm1p31ug,macd_hist,23.48,,0.23
j2dtsdnf,rsi_14,48.45,30,0.98
j2dtsdnf,atr_mult,83.96,2.5,0.77
fed8ydjw,rsi_14,19.55,70,0.97
fed8ydjw,atr_mult,22.90,2.5,0.29
fed8ydjw,macd_hist,24.79,,0.97
56pii7dy,rsi_14,20.54,30,-0.25
56pii7dy,atr_mult,51.11,2.5,-0.08
wcle09yq,rsi_14,37.16,30,-0.82
wcle09yq,atr_mult,51.70,2.5,-0.91
wcle09yq,macd_hist,26.34,,0.10
wcle09yq,vwap_dist,17.97,,0.30
5g8ij6rm,rsi_14,88.67,70,-0.87
5g8ij6rm,atr_mult,86.83,2.5,-0.69
5g8ij6rm,macd_hist,40.30,,-0.82
5g8ij6rm,vwap_dist,11.55,,0.61
2uxju7ph,rsi_14,74.08,70,-0.22
2uxju7ph,atr_mult,72.17,2.5,-0.81
2uxju7ph,macd_hist,49.48,,-0.19
2uxju7ph,vwap_dist,60.50,,-0.25
aiqteunb,rsi_14,74.81,30,-0.50
aiqteunb,atr_mult,40.88,2.5,0.33
j4abpdx3,rsi_14,82.21,30,0.97
j4abpdx3,atr_mult,38.14,2.5,-0.55
j4abpdx3,macd_hist,83.66,,0.28
k5xtmtga,rsi_14,30.72,30,-0.01
k5xtmtga,atr_mult,39.89,2.5,0.08
k5xtmtga,macd_hist,39.44,,0.92
k5xtmtga,vwap_dist,64.50,,0.26
bxwbeknl,rsi_14,49.11,70,0.79
bxwbeknl,atr_mult,88.20,2.5,0.60
bxwbeknl,macd_hist,17.77,,0.67
qhiwra10,rsi_14,20.66,70,0.99
qhiwra10,atr_mult,88.06,2.5,-0.69
qhiwra10,macd_hist,33.19,,-0.65
plv1dauf,rsi_14,77.19,30,0.55
plv1dauf,atr_mult,75.95,2.5,0.87
plv1dauf,macd_hist,84.95,,0.34
plv1dauf,vwap_dist,37.63,,0.48
75dvl07x,rsi_14,64.89,30,0.81
75dvl07x,atr_mult,48.39,2.5,-0.19
75dvl07x,macd_hist,18.87,,-0.79
75dvl07x,vwap_dist,22.37,,0.52
cbfw8blc,rsi_14,13.40,30,0.36
cbfw8blc,atr_mult,54.35,2.5,0.68
cbfw8blc,macd_hist,45.66,,-0.75
cbfw8blc,vwap_dist,40.74,,-0.62
5t7a1cf5,rsi_14,52.06,30,0.76
5t7a1cf5,atr_mult,40.66,2.5,-0.46
5t7a1cf5,macd_hist,77.06,,-0.16
4bkbwiyp,rsi_14,56.86,70,-0.67
4bkbwiyp,atr_mult,38.54,2.5,0.77
4bkbwiyp,macd_hist,31.83,,0.11
kjl3fyes,rsi_14,16.61,30,-0.66
kjl3fyes,atr_mult,58.20,2.5,0.57
kjl3fyes,macd_hist,75.10,,-0.47
v7p1vol9,rsi_14,50.99,70,0.43
v7p1vol9,atr_mult,27.47,2.5,0.05
v7p1vol9,macd_hist,18.12,,0.12
v7p1vol9,vwap_dist,50.73,,0.58
b8nnaita,rsi_14,49.45,70,0.28
b8nnaita,atr_mult,28.53,2.5,-0.19
b8nnaita,macd_hist,88.82,,0.29
97320a96,rsi_14,51.32,70,-0.71
97320a96,atr_mult,73.66,2.5,-0.98
97320a96,macd_hist,78.33,,0.27
6alj2svc,rsi_14,25.29,70,-0.92
6alj2svc,atr_mult,83.37,2.5,-0.59
qrd71j3s,rsi_14,19.43,70,0.77
qrd71j3s,atr_mult,71.03,2.5,-0.45
j57tzra7,rsi_14,19.25,30,-0.35
j57tzra7,atr_mult,79.65,2.5,-0.21
zriocqgh,rsi_14,30.82,30,0.49
zriocqgh,atr_mult,37.85,2.5,0.85
t3l6fu9b,rsi_14,81.00,30,-0.01
t3l6fu9b,atr_mult,44.02,2.5,-0.01
t3l6fu9b,macd_hist,26.68,,-0.48
t3l6fu9b,vwap_dist,50.56,,-0.44
n7s2bzhi,rsi_14,67.53,70,0.05
n7s2bzhi,atr_mult,27.12,2.5,-0.31
n7s2bzhi,macd_hist,14.86,,0.45
bcxfr37c,rsi_14,60.22,30,0.98
bcxfr37c,atr_mult,32.87,2.5,0.71
bcxfr37c,macd_hist,37.11,,-0.20
bcxfr37c,vwap_dist,20.38,,-0.09
k4t48duf,rsi_14,89.41,70,0.48
k4t48duf,atr_mult,56.61,2.5,0.28
k4t48duf,macd_hist,74.37,,0.04
ofh04q1o,rsi_14,86.23,70,-0.22
ofh04q1o,atr_mult,16.82,2.5,0.54
ofh04q1o,macd_hist,59.62,,-0.94
ofh04q1o,vwap_dist,25.40,,0.30
9ug39qkx,rsi_14,82.05,70,-0.40
9ug39qkx,atr_mult,13.10,2.5,-0.34
9ug39qkx,macd_hist,79.60,,0.55
te25t7ip,rsi_14,78.74,70,-0.78
te25t7ip,atr_mult,55.68,2.5,1.00
te25t7ip,macd_hist,29.67,,0.33
te25t7ip,vwap_dist,45.31,,0.77
41hz2h8g,rsi_14,37.88,70,-0.15
41hz2h8g,atr_mult,28.45,2.5,-0.05
stvqi6e6,rsi_14,24.08,30,-0.17
stvqi6e6,atr_mult,84.23,2.5,-0.30
emr826b9,rsi_14,51.68,70,-0.58
emr826b9,atr_mult,31.26,2.5,-0.96
nf9q47jv,rsi_14,76.88,30,-0.90
nf9q47jv,atr_mult,14.84,2.5,-0.30
nf9q47jv,macd_hist,61.35,,0.97
nf9q47jv,vwap_dist,49.64,,0.81
i830bjpk,rsi_14,60.55,30,-0.55
i830bjpk,atr_mult,29.53,2.5,-0.58
i830bjpk,macd_hist,15.26,,0.15
k0retf56,rsi_14,19.36,30,-0.02
k0retf56,atr_mult,13.29,2.5,0.19
k0retf56,macd_hist,34.64,,0.59
jbqufkm8,rsi_14,25.57,30,0.17
jbqufkm8,atr_mult,60.31,2.5,-0.66
jbqufkm8,macd_hist,35.91,,0.99
jbqufkm8,vwap_dist,35.02,,-0.53
hvhmu959,rsi_14,32.44,70,-0.35
hvhmu959,atr_mult,53.60,2.5,0.99
edroba2f,rsi_14,84.43,30,-0.83
edroba2f,atr_mult,24.52,2.5,0.96
edroba2f,macd_hist,47.23,,0.63
gunzuqgb,rsi_14,18.78,70,-0.20
gunzuqgb,atr_mult,19.70,2.5,0.09
ky392p1m,rsi_14,86.98,30,-0.96
ky392p1m,atr_mult,75.95,2.5,-0.80
ky392p1m,macd_hist,52.76,,-0.06
ky392p1m,vwap_dist,46.34,,-0.94
aguv27z4,rsi_14,22.14,70,-0.64
aguv27z4,atr_mult,18.42,2.5,0.44
aguv27z4,macd_hist,23.75,,-0.74
2l2nrsq5,rsi_14,87.12,70,0.37
2l2nrsq5,atr_mult,85.64,2.5,0.93
2l2nrsq5,macd_hist,80.82,,-0.42
2l2nrsq5,vwap_dist,45.46,,0.30
6cvua1ap,rsi_14,59.08,70,0.61
6cvua1ap,atr_mult,38.00,2.5,0.90
6cvua1ap,macd_hist,46.72,,-0.53
vcas392k,rsi_14,21.73,30,-0.67
vcas392k,atr_mult,27.85,2.5,-0.29
vsr5hxxz,rsi_14,20.70,70,-0.77
vsr5hxxz,atr_mult,73.32,2.5,-0.87
vsr5hxxz,macd_hist,44.46,,-0.76
vsr5hxxz,vwap_dist,32.41,,-0.55
n93qc09o,rsi_14,16.14,70,-0.38
n93qc09o,atr_mult,31.06,2.5,-0.52
n93qc09o,macd_hist,42.48,,-0.72
y1ge05ke,rsi_14,33.48,70,0.84
y1ge05ke,atr_mult,45.11,2.5,-0.93
osimhpf1,rsi_14,72.46,70,0.85
osimhpf1,atr_mult,33.13,2.5,0.66
osimhpf1,macd_hist,61.83,,-0.60
osimhpf1,vwap_dist,88.26,,-0.19
pnbjmap2,rsi_14,46.46,70,0.67
pnbjmap2,atr_mult,20.82,2.5,-0.81
pnbjmap2,macd_hist,68.77,,-0.72
zzoa4so0,rsi_14,25.42,30,-0.75
zzoa4so0,atr_mult,11.70,2.5,-0.61
hzgznfv6,rsi_14,51.74,30,-0.41
hzgznfv6,atr_mult,53.37,2.5,-0.56
hzgznfv6,macd_hist,12.78,,0.47
emls3o66,rsi_14,38.53,30,-0.86
emls3o66,atr_mult,27.53,2.5,0.19
faq58vpo,rsi_14,84.50,30,0.58
faq58vpo,atr_mult,33.40,2.5,-0.88
faq58vpo,macd_hist,81.23,,-0.45
yv35t25s,rsi_14,10.78,30,-0.91
yv35t25s,atr_mult,45.96,2.5,-0.80
yv35t25s,macd_hist,83.47,,0.92
yv35t25s,vwap_dist,14.50,,-0.59
sfwdttzr,rsi_14,87.14,30,-0.40
sfwdttzr,atr_mult,80.21,2.5,-0.76
an1djiry,rsi_14,74.67,70,0.66
an1djiry,atr_mult,20.68,2.5,-0.54
an1djiry,macd_hist,30.96,,-0.31
bn4w8t3k,rsi_14,21.52,30,0.47
bn4w8t3k,atr_mult,26.58,2.5,-0.91
bn4w8t3k,macd_hist,42.14,,-0.33
bn4w8t3k,vwap_dist,52.80,,0.85
n2uqpjt1,rsi_14,79.39,70,-0.46
n2uqpjt1,atr_mult,76.50,2.5,0.95
w1zde3o7,rsi_14,29.84,70,-0.53
w1zde3o7,atr_mult,61.55,2.5,0.92
w1zde3o7,macd_hist,79.07,,0.87
w1zde3o7,vwap_dist,24.79,,-0.36
rgwsznql,rsi_14,32.08,30,0.61
rgwsznql,atr_mult,16.47,2.5,-0.27
wkdnoq54,rsi_14,58.66,30,0.29
wkdnoq54,atr_mult,80.96,2.5,-0.08
wkdnoq54,macd_hist,19.78,,0.45
4c4qrdks,rsi_14,33.87,30,0.67
4c4qrdks,atr_mult,40.78,2.5,0.13
dnztp1se,rsi_14,59.38,70,0.44
dnztp1se,atr_mult,14.91,2.5,0.77
dnztp1se,macd_hist,64.92,,0.77
dnztp1se,vwap_dist,47.48,,-0.93
6azeu84o,rsi_14,64.91,30,-0.11
6azeu84o,atr_mult,61.87,2.5,-0.19
6azeu84o,macd_hist,40.40,,-0.50
6azeu84o,vwap_dist,63.01,,-0.19
v0x4skmp,rsi_14,37.17,30,-0.48
v0x4skmp,atr_mult,21.63,2.5,-0.09
0jienojz,rsi_14,11.88,30,0.94
0jienojz,atr_mult,71.34,2.5,0.96
0jienojz,macd_hist,28.12,,-0.74
lip8532i,rsi_14,87.63,30,-0.01
lip8532i,atr_mult,49.82,2.5,0.63
9p64atdr,rsi_14,82.43,30,-0.41
9p64atdr,atr_mult,86.63,2.5,-0.22
9p64atdr,macd_hist,26.57,,0.39
tw3zjcxi,rsi_14,29.47,30,0.59
tw3zjcxi,atr_mult,58.77,2.5,0.70
tw3zjcxi,macd_hist,16.52,,-0.86
tw3zjcxi,vwap_dist,83.31,,0.49
9gbwvzwl,rsi_14,84.48,30,-0.14
9gbwvzwl,atr_mult,50.83,2.5,-0.89
9gbwvzwl,macd_hist,87.54,,-0.99
9gbwvzwl,vwap_dist,18.58,,-0.21
qlr8tfgz,rsi_14,31.81,70,0.38
qlr8tfgz,atr_mult,70.96,2.5,-0.38
qlr8tfgz,macd_hist,55.40,,-0.34
qlr8tfgz,vwap_dist,41.24,,0.06
uc7c78us,rsi_14,12.39,30,0.02
uc7c78us,atr_mult,43.60,2.5,0.64
yy7kcops,rsi_14,89.24,70,-0.50
yy7kcops,atr_mult,32.32,2.5,-0.88
yy7kcops,macd_hist,11.08,,0.85
yy7kcops,vwap_dist,57.16,,0.15
isa53apj,rsi_14,20.64,30,-0.54
isa53apj,atr_mult,52.04,2.5,0.83
isa53apj,macd_hist,34.40,,0.20
vbvj9y4y,rsi_14,69.21,70,-0.06
vbvj9y4y,atr_mult,10.57,2.5,0.20
vbvj9y4y,macd_hist,63.77,,0.39
3hghf86n,rsi_14,85.38,70,-0.27
3hghf86n,atr_mult,83.48,2.5,-0.99
bkhdp8tz,rsi_14,34.06,30,-0.89
bkhdp8tz,atr_mult,75.86,2.5,0.36
bkhdp8tz,macd_hist,42.65,,0.72
lx6axkmc,rsi_14,46.42,70,-0.02
lx6axkmc,atr_mult,45.53,2.5,-0.11
lx6axkmc,macd_hist,39.88,,0.50
21wkag8r,rsi_14,56.16,30,0.53
21wkag8r,atr_mult,27.99,2.5,0.19
8edbjarw,rsi_14,12.07,70,-0.73
8edbjarw,atr_mult,89.20,2.5,0.85
8edbjarw,macd_hist,79.46,,0.29
6l6xgzpp,rsi_14,64.25,30,-0.11
6l6xgzpp,atr_mult,43.32,2.5,0.82
6l6xgzpp,macd_hist,22.24,,0.24
6l6xgzpp,vwap_dist,23.90,,-0.12
o0begp85,rsi_14,73.53,30,-0.45
o0begp85,atr_mult,57.07,2.5,-0.60
o0begp85,macd_hist,50.88,,0.64
bht5up4g,rsi_14,89.89,30,-0.86
bht5up4g,atr_mult,71.18,2.5,-0.64
gshssr5y,rsi_14,69.07,70,0.31
gshssr5y,atr_mult,21.83,2.5,0.94
8i4wxqkn,rsi_14,25.68,30,-0.99
8i4wxqkn,atr_mult,45.81,2.5,0.63
8i4wxqkn,macd_hist,80.70,,-0.68
8i4wxqkn,vwap_dist,38.84,,0.89
cnmn4rjy,rsi_14,34.55,30,-0.96
cnmn4rjy,atr_mult,30.92,2.5,0.79
0e302gun,rsi_14,14.62,30,-0.01
0e302gun,atr_mult,86.04,2.5,-0.60
0e302gun,macd_hist,20.05,,0.09
527l78o2,rsi_14,47.17,70,-0.69
527l78o2,atr_mult,80.21,2.5,-0.51
yf5t61qr,rsi_14,19.85,30,0.78
yf5t61qr,atr_mult,46.18,2.5,0.84
yf5t61qr,macd_hist,18.45,,-0.98
0gm6qgdp,rsi_14,14.52,30,-0.57
0gm6qgdp,atr_mult,48.59,2.5,-0.27
0gm6qgdp,macd_hist,37.92,,0.77
2tumowmb,rsi_14,78.04,30,0.97
2tumowmb,atr_mult,59.16,2.5,0.76
2tumowmb,macd_hist,76.80,,-0.89
43x0lqg4,rsi_14,51.57,30,0.72
43x0lqg4,atr_mult,63.80,2.5,-0.34
43x0lqg4,macd_hist,69.90,,0.38
43x0lqg4,vwap_dist,11.02,,0.03
xfjyi6l6,rsi_14,56.22,30,-0.95
xfjyi6l6,atr_mult,13.56,2.5,0.34
7r8gbyzn,rsi_14,71.74,30,1.00
7r8gbyzn,atr_mult,21.29,2.5,-0.20
7r8gbyzn,macd_hist,69.48,,-0.46
x50dfgop,rsi_14,32.82,70,0.52
x50dfgop,atr_mult,37.83,2.5,0.59
01jz1929,rsi_14,45.80,70,-0.32
01jz1929,atr_mult,79.15,2.5,0.62
qrlgzxz9,rsi_14,31.21,30,-0.91
qrlgzxz9,atr_mult,47.29,2.5,-0.81
yfwcnyme,rsi_14,82.51,70,0.49
yfwcnyme,atr_mult,59.65,2.5,0.82
yfwcnyme,macd_hist,79.74,,-0.76
jkzeeg3j,rsi_14,29.07,30,0.02
jkzeeg3j,atr_mult,42.63,2.5,0.04
1ef5pucj,rsi_14,54.99,30,-0.40
1ef5pucj,atr_mult,13.98,2.5,0.02
6tbadq78,rsi_14,47.72,70,-0.51
6tbadq78,atr_mult,60.73,2.5,-0.17
6tbadq78,macd_hist,77.28,,0.20
6tbadq78,vwap_dist,76.69,,0.40
gx009fhv,rsi_14,36.44,70,-0.69
gx009fhv,atr_mult,62.37,2.5,0.07
ubfidekg,rsi_14,74.66,70,0.10
ubfidekg,atr_mult,21.64,2.5,-0.20
ubfidekg,macd_hist,35.16,,-0.96
7zuy49ow,rsi_14,78.86,70,0.57
7zuy49ow,atr_mult,20.41,2.5,-0.53
7zuy49ow,macd_hist,75.93,,-0.80
f7e6v7ks,rsi_14,51.90,70,0.74
f7e6v7ks,atr_mult,59.36,2.5,-0.63
f7e6v7ks,macd_hist,53.98,,-0.25
f7e6v7ks,vwap_dist,35.70,,0.50
gvveyinn,rsi_14,84.84,70,0.24
gvveyinn,atr_mult,40.64,2.5,-0.44
gvveyinn,macd_hist,85.08,,0.84
gvveyinn,vwap_dist,48.66,,-0.10
fh3t8ps9,rsi_14,54.61,70,0.01
fh3t8ps9,atr_mult,56.43,2.5,0.95
fh3t8ps9,macd_hist,80.75,,0.57
kybx9rn2,rsi_14,63.69,70,-0.39
kybx9rn2,atr_mult,42.93,2.5,-0.31
kybx9rn2,macd_hist,48.76,,0.85
5dlagng8,rsi_14,78.85,70,-0.30
5dlagng8,atr_mult,40.92,2.5,-0.53
770x31h3,rsi_14,17.13,30,0.56
770x31h3,atr_mult,50.53,2.5,0.08
b2422vxk,rsi_14,19.86,30,-0.53
b2422vxk,atr_mult,85.11,2.5,-0.03
b2422vxk,macd_hist,37.04,,-0.89
d3ja8z8z,rsi_14,83.17,70,0.47
d3ja8z8z,atr_mult,15.82,2.5,0.86
d3ja8z8z,macd_hist,61.33,,-0.63
iap3t7gl,rsi_14,34.60,30,0.37
iap3t7gl,atr_mult,35.97,2.5,-0.76
iap3t7gl,macd_hist,20.82,,0.64
zfhabpdv,rsi_14,60.51,30,-0.41
zfhabpdv,atr_mult,48.79,2.5,-0.16
zfhabpdv,macd_hist,76.45,,0.65
zfhabpdv,vwap_dist,89.34,,-0.96
6aqw8b4t,rsi_14,17.64,70,-0.35
6aqw8b4t,atr_mult,88.30,2.5,-0.19
6aqw8b4t,macd_hist,22.86,,-0.21
nu0td5zj,rsi_14,61.89,30,0.19
nu0td5zj,atr_mult,70.66,2.5,0.54
d6jlzmuw,rsi_14,19.98,70,0.75
d6jlzmuw,atr_mult,11.93,2.5,0.64
d6jlzmuw,macd_hist,65.36,,0.59
nbnfweyx,rsi_14,15.35,30,0.61
nbnfweyx,atr_mult,24.75,2.5,-0.91
nbnfweyx,macd_hist,52.75,,0.62
zjocenkr,rsi_14,24.94,30,0.02
zjocenkr,atr_mult,46.44,2.5,0.51
zjocenkr,macd_hist,38.32,,-0.65
zjocenkr,vwap_dist,88.84,,-0.96
uwmcxg2f,rsi_14,70.40,70,-0.39
uwmcxg2f,atr_mult,81.67,2.5,-0.05
uwmcxg2f,macd_hist,48.48,,-0.19
uwmcxg2f,vwap_dist,42.48,,0.66
2a6cmtx9,rsi_14,23.79,70,0.20
2a6cmtx9,atr_mult,49.30,2.5,0.34
qq63zr3f,rsi_14,46.33,70,-0.52
qq63zr3f,atr_mult,41.87,2.5,0.98
q64bope0,rsi_14,56.28,70,0.69
q64bope0,atr_mult,20.59,2.5,0.69
q64bope0,macd_hist,22.04,,0.00
ix57qcbx,rsi_14,31.75,30,-0.08
ix57qcbx,atr_mult,34.80,2.5,-0.69
ix57qcbx,macd_hist,16.70,,0.21
ix57qcbx,vwap_dist,30.17,,0.95
kd7cx29q,rsi_14,78.85,30,-0.80
kd7cx29q,atr_mult,34.12,2.5,-0.19
kd7cx29q,macd_hist,68.37,,0.50
if55ve7n,rsi_14,10.36,30,-0.71
if55ve7n,atr_mult,24.13,2.5,-0.57
if55ve7n,macd_hist,30.36,,-0.56
kqxz0nxz,rsi_14,14.81,70,-0.82
kqxz0nxz,atr_mult,16.62,2.5,0.66
ma64bw53,rsi_14,82.21,70,-0.12
ma64bw53,atr_mult,57.35,2.5,-0.60
ma64bw53,macd_hist,70.51,,-0.11
98z5wjbx,rsi_14,36.02,70,-0.78
98z5wjbx,atr_mult,28.75,2.5,-0.51
98z5wjbx,macd_hist,19.02,,-0.01
fdhqi4a3,rsi_14,38.89,30,-0.80
fdhqi4a3,atr_mult,15.47,2.5,-0.55
ngha9hel,rsi_14,49.75,30,-0.76
ngha9hel,atr_mult,30.58,2.5,0.67
ngha9hel,macd_hist,69.30,,0.31
ngha9hel,vwap_dist,80.69,,0.70
4gp53lgg,rsi_14,46.48,70,-0.96
4gp53lgg,atr_mult,65.52,2.5,0.30
4gp53lgg,macd_hist,60.67,,0.73
4gp53lgg,vwap_dist,71.98,,-0.72
qenf042x,rsi_14,87.17,70,0.63
qenf042x,atr_mult,21.99,2.5,-0.58
qenf042x,macd_hist,65.83,,-0.97
qenf042x,vwap_dist,19.48,,0.90
rt0925bn,rsi_14,26.42,30,0.18
rt0925bn,atr_mult,59.99,2.5,-0.74
rt0925bn,macd_hist,73.90,,0.26
7ygsyr1t,rsi_14,88.59,70,0.49
7ygsyr1t,atr_mult,46.64,2.5,0.46
lg94d8k6,rsi_14,30.17,70,0.71
lg94d8k6,atr_mult,63.06,2.5,0.40
lg94d8k6,macd_hist,87.48,,-0.36
kfcelurg,rsi_14,54.39,70,0.22
kfcelurg,atr_mult,37.22,2.5,-0.18
q3x1cmet,rsi_14,34.54,70,-0.88
q3x1cmet,atr_mult,27.79,2.5,-0.59
q3x1cmet,macd_hist,34.21,,-0.38
lg8o7az5,rsi_14,58.22,30,0.37
lg8o7az5,atr_mult,39.32,2.5,-0.40
b80f2t5w,rsi_14,11.62,30,0.05
b80f2t5w,atr_mult,60.52,2.5,-0.71
b80f2t5w,macd_hist,22.95,,-0.67
o4vsa3qn,rsi_14,77.39,30,-0.00
o4vsa3qn,atr_mult,70.12,2.5,-0.22
gvlrq9dc,rsi_14,11.87,30,-0.02
gvlrq9dc,atr_mult,78.17,2.5,0.81
gvlrq9dc,macd_hist,52.33,,-0.83
gvlrq9dc,vwap_dist,63.29,,0.01
j5u2y6j6,rsi_14,43.96,70,-0.34
j5u2y6j6,atr_mult,50.87,2.5,-0.41
0yddhbpc,rsi_14,83.75,70,0.70
0yddhbpc,atr_mult,20.62,2.5,0.25
8li0xrm1,rsi_14,63.04,30,0.25
8li0xrm1,atr_mult,31.68,2.5,0.19
8li0xrm1,macd_hist,13.27,,0.28
8li0xrm1,vwap_dist,51.43,,-0.35
chqmqhll,rsi_14,15.94,70,-0.83
chqmqhll,atr_mult,61.33,2.5,-0.02
i9ob3wvv,rsi_14,85.27,30,-0.42
i9ob3wvv,atr_mult,11.33,2.5,0.87
2uyh806c,rsi_14,25.05,30,0.53
2uyh806c,atr_mult,10.21,2.5,-0.01
2uyh806c,macd_hist,36.99,,-0.68
8n3blimk,rsi_14,65.52,70,-0.08
8n3blimk,atr_mult,23.55,2.5,0.59
8n3blimk,macd_hist,39.18,,0.66
3xm7ah90,rsi_14,27.04,30,-0.22
3xm7ah90,atr_mult,52.85,2.5,0.50
3xm7ah90,macd_hist,14.12,,-0.28
3xm7ah90,vwap_dist,38.53,,0.81
ajeth11h,rsi_14,54.68,30,-0.75
ajeth11h,atr_mult,62.71,2.5,0.38
ajeth11h,macd_hist,14.04,,0.18
ajeth11h,vwap_dist,21.20,,-0.13
01x2kn8e,rsi_14,20.44,70,0.44
01x2kn8e,atr_mult,22.02,2.5,0.87
01x2kn8e,macd_hist,82.51,,0.99
01x2kn8e,vwap_dist,85.80,,-0.20
5vkq0v65,rsi_14,86.37,70,0.71
5vkq0v65,atr_mult,57.15,2.5,-0.09
zjf2fs5g,rsi_14,57.63,70,0.21
zjf2fs5g,atr_mult,84.18,2.5,0.58
zjf2fs5g,macd_hist,58.05,,-0.07
vekqjy18,rsi_14,27.39,70,-0.17
vekqjy18,atr_mult,19.32,2.5,-0.94
vekqjy18,macd_hist,41.46,,0.93
vekqjy18,vwap_dist,37.22,,0.36
tbmealsb,rsi_14,57.27,70,0.21
tbmealsb,atr_mult,38.74,2.5,-0.03
66eznvdz,rsi_14,48.60,30,-0.51
66eznvdz,atr_mult,30.93,2.5,0.76
66eznvdz,macd_hist,32.80,,-0.70
66eznvdz,vwap_dist,30.30,,-0.06
rj4e78lz,rsi_14,25.97,30,0.46
rj4e78lz,atr_mult,46.19,2.5,-0.15
rj4e78lz,macd_hist,49.13,,-0.19
rj4e78lz,vwap_dist,22.96,,-0.00
5ruxe9vx,rsi_14,61.17,70,-0.85
5ruxe9vx,atr_mult,88.63,2.5,-0.46
01n0zehu,rsi_14,25.56,70,-0.33
01n0zehu,atr_mult,17.67,2.5,-0.27
01n0zehu,macd_hist,87.48,,-0.60
4pi73277,rsi_14,51.15,70,-0.23
4pi73277,atr_mult,23.93,2.5,0.96
4pi73277,macd_hist,24.12,,-0.85
qc6ovjbv,rsi_14,18.72,70,-0.22
qc6ovjbv,atr_mult,26.64,2.5,-0.08
qzw57mb3,rsi_14,77.25,30,0.67
qzw57mb3,atr_mult,19.34,2.5,0.10
qzw57mb3,macd_hist,37.85,,-0.49
6fyu3zvg,rsi_14,26.62,70,0.14
6fyu3zvg,atr_mult,38.43,2.5,0.86
6fyu3zvg,macd_hist,24.83,,-0.03
6fyu3zvg,vwap_dist,32.35,,0.10
4y44eb37,rsi_14,20.30,70,-0.38
4y44eb37,atr_mult,89.10,2.5,0.15
4y44eb37,macd_hist,16.55,,0.61
4y44eb37,vwap_dist,35.66,,0.89
akfa4661,rsi_14,76.52,70,0.04
akfa4661,atr_mult,81.14,2.5,-0.44
akfa4661,macd_hist,48.58,,0.52
akfa4661,vwap_dist,75.55,,0.88
2o8tt46d,rsi_14,46.91,30,-0.30
2o8tt46d,atr_mult,78.22,2.5,-0.33
2o8tt46d,macd_hist,62.60,,0.45